Id,highlighted,text,tags,prefix,suffix,position_start,position_end,start_container,end_container,chapter
gf7Fjv7PEeyMpl8Idxg39g,Жить,"предложения построенные схожим образом: инфинитив + доп.
Жить [...] быть [...] жить, быть и видеть [...] жить-быть [...] жить-быть [...] It is also resonant with the list of verbs that comes as an epigraph in ""A School for Fools"": 
Гнать, держать, бежать, обидеть, слышать, видеть, и вертеть, и дышать, и ненавидеть, и зависеть, и терпеть.
Группа глаголов русского языка, составляющих известное исключение из правил; ритмически организована для удобства запоминания.","style, intertextuality","     
  02. Ловчая повесть
  
  ",; знать цену глубоким галошам в ,642,646,/div[1]/main[1]/article[1]/p[1]/hypothesis-highlight[1],/div[1]/main[1]/article[1]/p[1]/hypothesis-highlight[1],02. Ловчая повесть
SdZXgu2TEey8l3NYP-AseA,Жить,"The narration in the chapters concerning Yakov are characterized by their more poetic style. This narrator, for instance, frequently uses infinitives, which evoke the eternal quality and endless time of the novel's setting.","language, register/style","     
  02. Ловчая повесть
  
  ",; знать цену глубоким галошам в ,642,646,/div[1]/main[1]/article[1]/p[1],/div[1]/main[1]/article[1]/p[1],02. Ловчая повесть
XHHXNu2TEeyaezNbZqadmA,галошам,A key symbol in Sokolov's ouvre. (*NEED TO EXPAND)Johnson's paper!,"symbol, expand","
  
  Жить; знать цену глубоким "," в пору разлива глубоких 
и мелк",668,675,/div[1]/main[1]/article[1]/p[1],/div[1]/main[1]/article[1]/p[1],02. Ловчая повесть
rMWJvO2TEeyNLfusxDg3ew,мусолить,"Colloquial: to slabber, to soil, to drool over, to spend too much time over",register/style,"а глубоких 
и мелких рек. Быть; "," жирно-зеленый лист. Жить, быть ",721,729,/div[1]/main[1]/article[1]/p[1],/div[1]/main[1]/article[1]/p[1],02. Ловчая повесть
x2S5yO2TEeyQ_yuhxiIgiA,лист,"Leaf or page. In the second meaning, the narrator might be suggesting spending too much time on writing and reading.","explanatory, language",к. Быть; мусолить жирно-зеленый ,". Жить, быть и видеть, как по ка",744,748,/div[1]/main[1]/article[1]/p[1],/div[1]/main[1]/article[1]/p[1],02. Ловчая повесть
TlYRQP-FEeyUT0O7ShzcOg,лопух,"Растение, используется в народной медицине.
![](https://ru.wikipedia.org/wiki/Лопух#/media/Файл:Greater_burdock_2005_G1.jpg )",explanatory,"и видеть, как по канавам жухнет ",. Жить-быть; по мере змеенья зим,793,798,/div[1]/main[1]/article[1]/p[1],/div[1]/main[1]/article[1]/p[1],02. Ловчая повесть
h4YF2P-FEeyVjOc2KIgRIQ,Жить-быть,"It may recall the typical opening of fairytales: ""zhili-byli"" (once upon a time).","intertextuality, style","ь, как по канавам жухнет лопух. ",; по мере змеенья зимы меняться ,800,809,/div[1]/main[1]/article[1]/p[1],/div[1]/main[1]/article[1]/p[1],02. Ловчая повесть
fPHZyO2VEeyIOg9EWIc20Q,слюдяных,"Silicate minerals that may be divided into thin plates. They can resembles sheets of books, which corresponds with the preceding line in which the narrator mentions leaves/sheets. Pictured here: ![](https://upload.wikimedia.org/wikipedia/commons/3/31/Mica_%286911818878%29.jpg)",explanatory,еенья зимы меняться оттенкам ее , чешуйчатых крыльев. Житьбыть — ,853,861,/div[1]/main[1]/article[1]/p[1],/div[1]/main[1]/article[1]/p[1],02. Ловчая повесть
hEkorP7PEeyi9ttky3TeAw,Житьбыть,должно быть жить-быть,error,ее слюдяных чешуйчатых крыльев. , — пускай переливаются перламутр,882,890,/div[1]/main[1]/article[1]/p[1],/div[1]/main[1]/article[1]/p[1],02. Ловчая повесть
ETMlzu2WEeyKQ_91qMSTPQ,Марии,"Another name given to Orina, the central female figure in the novel",character,"бая сосулька, любое 
перепело́. ", — трубить в пастуший рожок на ж,961,966,/div[1]/main[1]/article[1]/p[1],/div[1]/main[1]/article[1]/p[1],02. Ловчая повесть
V0icFO5kEey8yRMx4zg7bw,трубить в пастуший рожок,"Like a shepherd, Maria gives signals and calls, directing traffic at the railway station. Another connection to the central ""between dog and wolf"" metaphor.",explanatory,"лька, любое 
перепело́. Марии — "," на железной дороге, 
а той — то",969,993,/div[1]/main[1]/article[1]/p[1],/div[1]/main[1]/article[1]/p[1],02. Ловчая повесть
I_PlLO2WEeyuJsv51ffEHA,на железной дороге,"Like Orina, Maria works at the railway station, directing trains.the symbol of the station is central in Sokolov's work, may be expanded","explanatory, location, expand, symbol",арии — трубить в пастуший рожок ,", 
а той — торопиться на север в",994,1012,/div[1]/main[1]/article[1]/p[1],/div[1]/main[1]/article[1]/p[1],02. Ловчая повесть
5_Ec9P-GEeyWCGs10CXy0Q,"север в пятнадцати минутах спокойной ходьбы на закат. Ходьбы по аллее, восставленной перпендикуляром к насыпи — на восход. На юго","The four cardinal directions: north, west, east, south.",," дороге, 
а той — торопиться на ","-склоне ж, над городом, вследств",1037,1166,/div[1]/main[1]/article[1]/p[1],/div[1]/main[1]/article[1]/p[1],02. Ловчая повесть
7XO3ou2VEeyoKHOW7V52gQ,закат,"West. Again, twilight — the central metaphor and time of the novel. Rising and falling are central to the novel, as characters struggle to escape their surroundings and overcome their temptations in the Russian backwoods.","time, theme",ати минутах спокойной ходьбы на ,". Ходьбы по аллее, восставленной",1084,1089,/div[1]/main[1]/article[1]/p[1],/div[1]/main[1]/article[1]/p[1],02. Ловчая повесть
gy04ru2WEeytV2PVFqbLuw,насыпи,An embankment used in railway construction to address changes in level. Pictured here: ![](https://en.wikipedia.org/wiki/File:Embankment_1_(PSF).png),explanatory,восставленной перпендикуляром к ," — на восход. На юго-склоне ж, н",1140,1146,/div[1]/main[1]/article[1]/p[1],/div[1]/main[1]/article[1]/p[1],02. Ловчая повесть
2LI-bP-GEeyiyN-EI-Vnsw,восход,"East. Rising and falling are central to the novel, as characters struggle to escape their surroundings and overcome their temptations in the Russian backwoods.","theme, time",й перпендикуляром к насыпи — на ,". На юго-склоне ж, над городом, ",1152,1158,/div[1]/main[1]/article[1]/p[1],/div[1]/main[1]/article[1]/p[1],02. Ловчая повесть
jiwOagKzEe2ROaMDWVMmAQ,"над городом, вследствие значительных дымочадных, коверкающих горизонт, работ всегда иметься 
в наличии выбору вяленых и копченых туч","Metaphoric visual-""scented"" description of the sky above the city, full of ""smokey"" clouds as a result of burning wood in the houses","poetic device, language, style","и — на восход. На юго-склоне ж, ",". Рисовать отдаленные 
силуэты с",1177,1309,/div[1]/main[1]/article[1]/p[1],/div[1]/main[1]/article[1]/p[1],02. Ловчая повесть
2wAHNO5hEeyZJSswezLIaw,Рисовать,"Much in the chapters devoted to Yakov, his life, and his thoughts consists of ekphrasis—the literary device of describing in words a visual work of art—and other combinations of different genres and media. Here, for instance, the reader is asked to imagine the events of the chapter coming to life as if being painted before their eyes.",explanatory, выбору вяленых и копченых туч. ," отдаленные 
силуэты сотрудников",1311,1319,/div[1]/main[1]/article[1]/p[1],/div[1]/main[1]/article[1]/p[1],02. Ловчая повесть
5jCvzP7PEeyRJudsQHYdxg,сотрудников почт — почтальонов,синонимия,explanatory,"ч. Рисовать отдаленные 
силуэты ",", охваченные отчаянием 
и листоп",1340,1370,/div[1]/main[1]/article[1]/p[1],/div[1]/main[1]/article[1]/p[1]/hypothesis-highlight[14],02. Ловчая повесть
g5xfmO2YEey9WednH7hi9Q,почтальонов,"The postman Sila Silych will play a key role in the novel as he will share Ilya's letters with Yakov (236–239). Another postman, Mikheev, also figures prominently in *A School for Fools* and is there also associated with the wind.","intratextuality, self-reference","ные 
силуэты сотрудников почт — ",", охваченные отчаянием 
и листоп",1359,1370,/div[1]/main[1]/article[1]/p[1],/div[1]/main[1]/article[1]/p[1],02. Ловчая повесть
BbUElO2ZEeyNrMOKjd6fLA,комиссионных крылаток,An armless coat purchased on commission. Pictured here: ![](https://upload.wikimedia.org/wikipedia/commons/c/c7/Pushkin_Alexander%2C_1915_by_Kustodiev.jpg?uselang=ru),explanatory,"ь, леденя их и раздувая полы их ",. Марии — служить в высокой кирп,1505,1526,/div[1]/main[1]/article[1]/p[1],/div[1]/main[1]/article[1]/p[1],02. Ловчая повесть
Yk8GUO2ZEeyxXUPjCJIOog,Марии — служить в высокой кирпичной башне,"The connection between Maria and Orina is made clearer. In chapter 1, Ilya described how Orina was transferred to such a brick tower (155).",explanatory, полы их комиссионных крылаток. ,", у самой границы станции. Служи",1528,1569,/div[1]/main[1]/article[1]/p[1],/div[1]/main[1]/article[1]/p[1],02. Ловчая повесть
9Ak6yP7QEeyWliM9pEd_VQ,станции,,symbol,"ирпичной башне, у самой границы ",". Служить, и голосу рожка ее, см",1587,1594,/div[1]/main[1]/article[1]/p[1],/div[1]/main[1]/article[1]/p[1],02. Ловчая повесть
ATrrzv7REeyTqktKncJNWw,акварельным ветром,поэтический образ,style,", и голосу рожка ее, смазанному ",", смазанному, словно звезда близ",1635,1653,/div[1]/main[1]/article[1]/p[1],/div[1]/main[1]/article[1]/p[1],02. Ловчая повесть
-b0XcO2ZEeyiw5dIHsF5Bg,словно звезда близорукого без очков,A not inappropriate description of the experience of reading *Between Dog and Wolf*I absolutely agree (:,self-reference,"акварельным ветром, смазанному, ",", — 
заведовать суетливой юркост",1667,1702,/div[1]/main[1]/article[1]/p[1],/div[1]/main[1]/article[1]/p[1],02. Ловчая повесть
JC5ymAK7Ee2I5cNtiRjsag,сцепщиков,Workers who join train cars together. Mentioned also in chapter 1.,"explanatory, intratextuality"," 
заведовать суетливой юркостью ",", тревогами стрелочниц, 
настрое",1737,1746,/div[1]/main[1]/article[1]/p[1]/hypothesis-highlight[28],/div[1]/main[1]/article[1]/p[1]/hypothesis-highlight[28],02. Ловчая повесть
-YMUNO2aEey3dcMO7GycHw,стрелочниц,Railway workers (female here) who oversee the changing of signs,explanatory,"й юркостью сцепщиков, тревогами ",", 
настроеньем стрелков. То были",1758,1768,/div[1]/main[1]/article[1]/p[1],/div[1]/main[1]/article[1]/p[1],02. Ловчая повесть
Cs4qqO2bEeyRIp_2_OuZ4A,стрелков,Guards,explanatory,"вогами стрелочниц, 
настроеньем ",. То были сначала фиксатые сцепщ,1783,1791,/div[1]/main[1]/article[1]/p[1],/div[1]/main[1]/article[1]/p[1],02. Ловчая повесть
eluNJAK0Ee293LfRKBVplg,фиксатые,Having gold teeth (?),explanatory,еньем стрелков. То были сначала ," сцепщики, но позже, когда ее на",1809,1817,/div[1]/main[1]/article[1]/p[1],/div[1]/main[1]/article[1]/p[1],02. Ловчая повесть
QShYjO5cEeywe2_08fnI2w,ветерану,The novel is set after World War II when maybe veterans returned to the Soviet Union bearing various injuries including missing limbs.,explanatory,"
степенные машинисты. Приходить "," дальнего следования, 
полушепот",1930,1938,/div[1]/main[1]/article[1]/p[1],/div[1]/main[1]/article[1]/p[1],02. Ловчая повесть
IUfl4O5dEeyMhKOGGGHAKg,тендер,"Also known as a coal-car, a railroad car that carries a locomotives fuel (wood, oil, or coal) and water. Pictured here: ![](https://upload.wikimedia.org/wikipedia/commons/9/9b/Sierra_Railway_3_Tender.jpg)",explanatory,во жалующемуся на прохудившийся ,", 
на расшатавшиеся шатуны, на д",2012,2018,/div[1]/main[1]/article[1]/p[1],/div[1]/main[1]/article[1]/p[1],02. Ловчая повесть
hLtAIu5dEeyeUUOI2ML7Fg,шатуны,The mechanism on a piston engine connecting the piston to the crankshaft. Helps convert and transform the energy required to move the piston on a railway car. Pictured here: ![](https://upload.wikimedia.org/wikipedia/commons/1/11/Pleuel-K%C3%A4fer.JPG),explanatory,"шийся тендер, 
на расшатавшиеся ",", на дальность маршрутов следова",2038,2044,/div[1]/main[1]/article[1]/p[1],/div[1]/main[1]/article[1]/p[1],02. Ловчая повесть
0Cg3Iu5dEeyMhvslz9tGiQ,напялившим,Colloquial: to put on (something that doesn't quite fit),register/style,"аршрутов следования. 
Деревьям, ", драные фраки сумерек — качаться,2092,2102,/div[1]/main[1]/article[1]/p[1],/div[1]/main[1]/article[1]/p[1],02. Ловчая повесть
rizERO5dEeyX5JM-yTMRYQ,сумерек,"Again, twilight — the central metaphor and time of the novel.",time,"ревьям, напялившим драные фраки "," — качаться, махать 
руками в по",2116,2123,/div[1]/main[1]/article[1]/p[1],/div[1]/main[1]/article[1]/p[1],02. Ловчая повесть
oBzYFu5eEeyX5rtHHEeWfg,мукомолам,Sokolov will use the connection between torment (м**у**ка)/flour (мук**а**) several times throughout the novel. The miller has already appeared once in chapter 1.,intratextuality," пугалам и людям от ветряков — 
",". Метель, о ком многие думали ещ",2206,2215,/div[1]/main[1]/article[1]/p[1],/div[1]/main[1]/article[1]/p[1],02. Ловчая повесть
BktNiO5gEey3JFtWp7vfXA,"Метель, о ком многие думали еще через я, тогда как 
особым указом его давно передали Зайцу, на кого и безухое оно 
столь походило, а несвойственное и ненужное Зайцу е передали метели, — она расходилась, разыгрывалась, делаясь неугомонной и неумолимой.","Метель (blizzard) was previously spelled мятель, as заяц (hare) was once spelled заец. In this section, as Martina Napolitano suggests, Sokolov plays with ""the close pronunciation of certain unaccented vowels in Russian, which often gives rise to misspelling – я, е, й"" (Napolitano, “Studyin This Volapuke” 289). Letters are transferred from word/concept to word/concept. Here, Sokolov also alludes to the story of how Alexander Pushkin, the father of Russian letters, encountered a hare on the road while on his way to support the Decembrist Revolt and took it as a bad omen.Bravo! This is fascinating!I've proposed a different explanation, maybe we can think about it:

the pairs metel'/mjatel' and zajac/zaec appear in connection with different linguistic phaenomena: 
metel'/mjatel' reflects an alternative use of the vowel linked to the spelling instability still dominant in the 19th century and on which a great many authors, from Pushkin to Blok, played, also because of the possibility to reflect a different semantic intention (see Vasil'ev 2008 - VASIL’EV 2008: Vasil’ev S., “Metel’” ili “Mjatel’”? O zaglavii povesti A. S. Puškina, in «Russkaja reč’» 6 (2008), pp. 8-11, http://russkayarech.ru/files/issues/2008/6/02-vasiljev.pdf.). Metel', in fact, has its root in the verb mesti, to sweep, while that of mjatel' is to be found in the verb mjastis', to provoke smjatenie (confusion, disarray); in authors who make conscious and calibrated use of the two variants, it is precisely with this condition that the use of mjatel' is to be associated, as its strong expressive connotation prevails over the simple and objective identification of the natural phenomenon. 
2. zajac-zaec refers to the different outcome of the nasalised -e- of Late Proto-Slavic which becomes, in East Slavonic, -ja- and, in South Slavonic, -e-: zajac is, therefore, the more purely Russian form, while zaec reflects Slavonic-ecclesiastic outcomes and is therefore readable as a learned marker. 
The two pairs, which are never clearly defined as the object of discourse but whose (co)existence is taken for granted, are placed in correlation because Ilya imagines that mjatel' has surrendered the -ja-, useless to her, to zaec, who would have preferred it by virtue of the relatability of the form of the -ja-/я to a stylised, albeit earless, rabbit. In return, he would have ceded his -e-: the two forms of the modern standard, zajac and metel', would thus have been defined by their internal agreement, with extremely poetic and synaesthetic characters due to the decisive role played by the graphemes themselves.

This also recalls the ancient russian setting of the novel, whose plot seems to take place at the same time a long time ago and in the years after WWII","language, language","людям от ветряков — 
мукомолам. "," В бараках гуляли. Ах, как кружи",2217,2468,/div[1]/main[1]/article[1]/p[1],/div[1]/main[1]/article[1]/p[1],02. Ловчая повесть
tN1ZZO5fEey51cPlZy0nZA,неугомонной,Colloquial: restless,register/style,"одилась, разыгрывалась, делаясь ", и неумолимой. В бараках гуляли.,2443,2454,/div[1]/main[1]/article[1]/p[1],/div[1]/main[1]/article[1]/p[1],02. Ловчая повесть
-iyMlv7SEeyoADuNxmAfOA,гуляли,"The frequent use of the verb gulyat' has to be linked also to the fact that, in chapter 10, Orina will be defined as gulyaschaya: была у нас Оря гулена, а стала гулящая(R220/E124)","symbol, intratextuality",омонной и неумолимой. В бараках ,". Ах, как кружи́тся голова, пела",2479,2485,/div[1]/main[1]/article[1]/p[1]/hypothesis-highlight[35],/div[1]/main[1]/article[1]/p[1]/hypothesis-highlight[35],02. Ловчая повесть
Qr_iuu5gEey0o8vuPlS7qA,гуляли,"Colloquial: to have fun, to relax",register/style,омонной и неумолимой. В бараках ,". Ах, как кружи́тся голова, пела",2479,2485,/div[1]/main[1]/article[1]/p[1],/div[1]/main[1]/article[1]/p[1],02. Ловчая повесть
12JsQO5kEeyqmc_IHr3gEQ,"Ах, как кружи́тся голова","A borrowing from the popular 1956 song ""Three Waltzes."" Read the lyrics [here](https://en.muztext.com/lyrics/klavdiya-shulzhenko-tri-valsa). Listen to a recording https://www.youtube.com/watch?v=bUfGVEqnm9M.",intratextuality,и неумолимой. В бараках гуляли. ,", пела в комнатах предосудительн",2487,2511,/div[1]/main[1]/article[1]/p[1],/div[1]/main[1]/article[1]/p[1],02. Ловчая повесть
XMlfeO5hEeyibKPx1mvPhw,ветреная,"The wind motif continues as the narrative inspiration keeps moving, picking up new ideas, concepts, and characters as the narrator's pen continues working.","explanatory, intratextuality",пела в комнатах предосудительно ," шансонетка, и круглые фото ее, ",2545,2553,/div[1]/main[1]/article[1]/p[1],/div[1]/main[1]/article[1]/p[1],02. Ловчая повесть
R5EZou5hEeyX6k_dVyNdww,шансонетка,"A diminutive form of the French word for song (*la chanson*) or a Russian song of various types include romances, sing-songwriter pieces, or criminal/prison songs. Here, it is used to refer to a female singer.","explanatory, Russia, foreign",мнатах предосудительно ветреная ,", и круглые фото ее, 
наклеенные",2554,2564,/div[1]/main[1]/article[1]/p[1],/div[1]/main[1]/article[1]/p[1],02. Ловчая повесть
lDUKeu5hEey3MP9d_8pPLw,"патефонные 
кукиши","Boguslawski proposes that the gramaphone's holding pin is compared to the hand gesture of ""giving the fig."" Pictured here: ![](https://upload.wikimedia.org/wikipedia/commons/e/e4/Gesture_fist_with_thumb_through_fingers.jpg)",explanatory,"тинки, вертелись, насаженные на ",". Рисовать по памяти дно оврага,",2636,2654,/div[1]/main[1]/article[1]/p[1],/div[1]/main[1]/article[1]/p[1],02. Ловчая повесть
5_A8Zu5hEeylKnOfwsBvhw,Рисовать,"Much in the chapters devoted to Yakov, his life, and his thoughts consists of ekphrasis—the literary device of describing in words a visual work of art—and other combinations of different genres and media. Here, for instance, the reader is asked to imagine the events of the chapter coming to life as if being painted before their eyes.",explanatory,"саженные на патефонные 
кукиши. "," по памяти дно оврага, поросшее ",2656,2664,/div[1]/main[1]/article[1]/p[1],/div[1]/main[1]/article[1]/p[1],02. Ловчая повесть
Ge8H9u5iEeyQKxP_5x4NNQ,папоротниками,Pictured here: ![](https://upload.wikimedia.org/wikipedia/commons/b/b1/Monilophytes_in_Japan.png),explanatory," по памяти дно оврага, поросшее ",", 
дамбу, подпирающую хранилище ",2696,2709,/div[1]/main[1]/article[1]/p[1],/div[1]/main[1]/article[1]/p[1],02. Ловчая повесть
OcwVDO5lEey_LMP2N1mc6g,"дамбу, подпирающую хранилище питьевых вод","Ostanin identifies this dam and reservoir as the Ivankovo Reservoir, also known as the Moscow Sea (Ostanin 24). Located on the northern Volga, in the Moscow and Tver Oblasts, approximately 81 miles north of Moscow. Pictured here: ![](https://upload.wikimedia.org/wikipedia/commons/8/84/%D0%98%D0%B2%D0%B0%D0%BD%D1%8C%D0%BA%D0%BE%D0%B2%D1%81%D0%BA%D0%BE%D0%B5_%D0%B2%D0%BE%D0%B4%D0%BE%D1%85%D1%80%D0%B0%D0%BD%D0%B8%D0%BB%D0%B8%D1%89%D0%B5.jpg)",explanatory,"врага, поросшее папоротниками, 
",", рисовать все хранилище, загром",2712,2753,/div[1]/main[1]/article[1]/p[1],/div[1]/main[1]/article[1]/p[1],02. Ловчая повесть
PYjDWu5iEeyiyyshtUfvRw,рисовать,"Much in the chapters devoted to Yakov, his life, and his thoughts consists of ekphrasis—the literary device of describing in words a visual work of art—and other combinations of different genres and media. Here, for instance, the reader is asked to imagine the events of the chapter coming to life as if being painted before their eyes.",explanatory,"ирающую хранилище питьевых вод, "," все хранилище, загроможденное р",2755,2763,/div[1]/main[1]/article[1]/p[1],/div[1]/main[1]/article[1]/p[1],02. Ловчая повесть
mqezyu5iEeyQLLO2EDRnaQ,регат,A series of boat races. A parallel of the ice-skating races seen in chapter 1. Pictured here: ![](https://upload.wikimedia.org/wikipedia/commons/c/ca/Trophee_BPE_prologue_%2812%29.jpg),"intratextuality, explanatory",жденное реквизитом всевозможных , в сезон арбузов и моросящих оса,2818,2823,/div[1]/main[1]/article[1]/p[1],/div[1]/main[1]/article[1]/p[1],02. Ловчая повесть
9u7X5O5iEeyc9tf9kELATg,сад,The watermelons link to the encoded сад (garden) in the precipitation here.,explanatory,ат в сезон арбузов и моросящих о,"ков в виде кружочков и палочек, ",2853,2856,/div[1]/main[1]/article[1]/p[1],/div[1]/main[1]/article[1]/p[1],02. Ловчая повесть
4t4emu5iEeyeXGNYwzDFKQ,кружочков и палочек,A description of the letters that make up the text: circles and lines,"explanatory, language",узов и моросящих осадков в виде ,", и матросачитателя, что по капр",2867,2886,/div[1]/main[1]/article[1]/p[1],/div[1]/main[1]/article[1]/p[1],02. Ловчая повесть
FLf0mu5jEeygn4cfiH78Ew,матросачитателя,"The sailor-reader reading the text, making their way across the many unexpected letters spread out before them in Sokolov's novel.",explanatory,"в в виде кружочков и палочек, и ",", что по капризу художника пусть",2890,2905,/div[1]/main[1]/article[1]/p[1],/div[1]/main[1]/article[1]/p[1],02. Ловчая повесть
O8nnAO5jEeyuJ9cE6RUyXQ,бушлата,A pea jacket or sailor jacket. Pictured here: ![](https://ru.wikipedia.org/wiki/%D0%91%D1%83%D1%88%D0%BB%D0%B0%D1%82#/media/%D0%A4%D0%B0%D0%B9%D0%BB:US_Navy_p_coat_wiki.jpg),explanatory,"дит, поставив торчком 
воротник ",", на каменистом откосе дамбы, ку",2972,2979,/div[1]/main[1]/article[1]/p[1],/div[1]/main[1]/article[1]/p[1],02. Ловчая повесть
YskVuu5jEeyhCtti2-eSIw,курит трубку,An echo of Maria's blowing on the shepherd's horn at the beginning of the chapter,intratextuality,"та, на каменистом откосе дамбы, ", и читает синюю книжку — про мор,3009,3021,/div[1]/main[1]/article[1]/p[1],/div[1]/main[1]/article[1]/p[1],02. Ловчая повесть
PZWBGP7TEeyRMbttatC0iQ,Мариной ,different names Mariia- Marina - Orina,character,". Машинист пил, закусывал, звал ",и пережевывал то же самое — доро,3148,3156,/div[1]/main[1]/article[1]/p[1],/div[1]/main[1]/article[1]/p[1],02. Ловчая повесть
byJGJu5mEey3OpfuGvPdNQ,переливая из Орехова в Зуево,"Idiomatic phrase: переливать из пустого в порожнее (to chase one's own tail, to mill the wind, literally: to pour from an empty (container) to the empty (one). Here, the phrase suggests the senseless of the engineer's speech. The phrase is also an echo of a key idea of Yakov's (the Binging Hunter) cited by Ilya in chapter 8: ""Не превратно ль, доказывает, вино сего года в старую бочку лить"" (206).
","phraseologism, intratextuality","— дорожное, железное, скучное, 
",". Постоянно летели подшипники, г",3214,3242,/div[1]/main[1]/article[1]/p[1],/div[1]/main[1]/article[1]/p[1]/hypothesis-highlight[46],02. Ловчая повесть
mMVz5u5lEeygph_2_yRVng,Орехова в Зуево,"Orekhovo-Zuyevo is an industrial city in the Moscow Oblast, located approximately 53 miles east of Moscow. The city was originally three villages—Orekhovo, Zuevo, and Nikolskoye—that merged in 1917. Here, Sokolov splits the name into two.
","explanatory, Russia, location","елезное, скучное, 
переливая из ",". Постоянно летели подшипники, г",3227,3242,/div[1]/main[1]/article[1]/p[1],/div[1]/main[1]/article[1]/p[1],02. Ловчая повесть
MkqBdvDjEeyj7ROmq2qO4w,буксы,A steel or cast-iron box that holds lubricants or bearings on a train axle. Pictured here: ![](https://upload.wikimedia.org/wikipedia/commons/0/0a/Achslager_Blattfeder.jpg),explanatory,"оянно летели подшипники, горели ",", сообщались показания манометра",3280,3285,/div[1]/main[1]/article[1]/p[1],/div[1]/main[1]/article[1]/p[1],02. Ловчая повесть
Xof8WvDjEeyTgevcSRR-9Q,манометра,A device used to measure pressure. Pictured here: ![](https://upload.wikimedia.org/wikipedia/ru/b/b8/%D0%9C%D0%B0%D0%BD%D0%BE%D0%BC%D0%B5%D1%82%D1%80%D1%8B_%D1%80%D0%B0%D0%B7%D0%BB%D0%B8%D1%87%D0%BD%D1%8B%D1%85_%D0%B4%D0%B8%D0%B0%D0%BC%D0%B5%D1%82%D1%80%D0%BE%D0%B2.jpg),explanatory,"ели буксы, сообщались показания ",", и перед каждым мостом, перед к",3308,3317,/div[1]/main[1]/article[1]/p[1],/div[1]/main[1]/article[1]/p[1],02. Ловчая повесть
Vd5LdvDkEeylTQced9aaxg,захлопывалось поддувало и открывался сифон,Signs requesting engineers close their trains' siphens and dampers to avoid setting fire to wooden structures such as bridges used to line railways. Pictured here: ![](https://upload.wikimedia.org/wikipedia/commons/e/eb/%D0%AD%D0%9A_%D0%92%D0%9D%D0%98%D0%98%D0%96%D0%A2%2C_%D0%A9%D0%B5%D1%80%D0%B1%D0%B8%D0%BD%D0%BA%D0%B0_-_panoramio_%289%29.jpg),explanatory, каждым тоннелем неукоснительно ,. Рисовать пассажирскую станцию:,3379,3421,/div[1]/main[1]/article[1]/p[1],/div[1]/main[1]/article[1]/p[1],02. Ловчая повесть
sx0FOvDjEeyThHvIwJ4ieA,поддувало,"Here: damper, but can also mean mouth (as in ""shut your mouth!""","explanatory, language",ем неукоснительно захлопывалось , и открывался сифон. Рисовать па,3393,3402,/div[1]/main[1]/article[1]/p[1],/div[1]/main[1]/article[1]/p[1],02. Ловчая повесть
wjMAGvDjEeynyJde8TwWTQ,Рисовать,"Much in the chapters devoted to Yakov, his life, and his thoughts consists of ekphrasis—the literary device of describing in words a visual work of art—and other combinations of different genres and media. Here, for instance, the reader is asked to imagine the events of the chapter coming to life as if being painted before their eyes.",explanatory,ь поддувало и открывался сифон. , пассажирскую станцию: облупленн,3423,3431,/div[1]/main[1]/article[1]/p[1],/div[1]/main[1]/article[1]/p[1],02. Ловчая повесть
jGT3YvDkEeygDvsw_XXFVA,рисовать,"Much in the chapters devoted to Yakov, his life, and his thoughts consists of ekphrasis—the literary device of describing in words a visual work of art—and other combinations of different genres and media. Here, for instance, the reader is asked to imagine the events of the chapter coming to life as if being painted before their eyes.",explanatory,"ю темных плащей и зеленых шляп, "," остатки 
монастырской стены, ви",3564,3572,/div[1]/main[1]/article[1]/p[1],/div[1]/main[1]/article[1]/p[1],02. Ловчая повесть
zkfZ9vDkEeypg8ONwHqTBQ,наяривала,"Low-style: to bash out, with abandon, beat soundly",register/style,"ожья 
высокой насыпи. У соседей "," тальянка, и венгерка ли, полька",3670,3679,/div[1]/main[1]/article[1]/p[1],/div[1]/main[1]/article[1]/p[1],02. Ловчая повесть
nCl2wvDlEeyn3-e8Ee0sAw,тальянка,"A type of Russian button single-row accordion that was particularly popular in northern Russia and in the Volga region in the nineteenth century. Here, it has been made Italian. Listen [here](https://www.youtube.com/watch?v=ca7-A906TGs).","foreign, Russia, explanatory",кой насыпи. У соседей наяривала ,", и венгерка ли, полька ли, то л",3680,3688,/div[1]/main[1]/article[1]/p[1],/div[1]/main[1]/article[1]/p[1],02. Ловчая повесть
IxsdmPDmEeyn1_NPYy957w,венгерка,Romani dance. Danced at balls. Watch a performance [here](https://www.youtube.com/watch?v=rPTx1J8l_Rc).,explanatory,"У соседей наяривала тальянка, и "," ли, полька ли, то ли кадриль лу",3692,3700,/div[1]/main[1]/article[1]/p[1],/div[1]/main[1]/article[1]/p[1],02. Ловчая повесть
aPI5CvDmEey2qrMFY2YrZA,полька,A dance originating in modern-day Bohemia. Watch a performance [here](https://www.youtube.com/watch?v=WRtKT1YzNJI).,"explanatory, foreign","ривала тальянка, и венгерка ли, "," ли, то ли кадриль лупцевала тру",3705,3711,/div[1]/main[1]/article[1]/p[1],/div[1]/main[1]/article[1]/p[1],02. Ловчая повесть
qipoXPDmEeyyvedUZPvmTw,кадриль,A French dance quite popular throughout Europe in the seventeenth and eighteenth centuries. Watch a performance [here](https://www.youtube.com/watch?v=LwN6OknbkLY).,"foreign, explanatory","и венгерка ли, полька ли, то ли ", лупцевала трухлявые перекрытия.,3722,3729,/div[1]/main[1]/article[1]/p[1],/div[1]/main[1]/article[1]/p[1],02. Ловчая повесть
zaiVGvDmEeysWv-YRObqog,лупцевала,"Colloquial/low-style: to beat, thrash",register/style,"ка ли, полька ли, то ли кадриль ", трухлявые перекрытия. Гвалту — ,3730,3739,/div[1]/main[1]/article[1]/p[1],/div[1]/main[1]/article[1]/p[1],02. Ловчая повесть
B46BkPDnEeyns6MIXf5S-w,Гвалту,"Colloquial: noise, hubbub, ruckus","register/style, foreign",лупцевала трухлявые перекрытия. ," — 
вываливаться распаренно в от",3762,3768,/div[1]/main[1]/article[1]/p[1],/div[1]/main[1]/article[1]/p[1],02. Ловчая повесть
JLErfvDnEey3DktqMPChPw,отверстые,Poetic/archaism: open,"register/style, archaism","ту — 
вываливаться распаренно в "," фортки и тряпьем пастельных 
то",3798,3807,/div[1]/main[1]/article[1]/p[1],/div[1]/main[1]/article[1]/p[1],02. Ловчая повесть
SGk91vDnEey7R59ogsz0bg,тряпьем,"Colloquial: old clothes, rags",register/style,распаренно в отверстые фортки и ," пастельных 
тонов — застиранным",3817,3824,/div[1]/main[1]/article[1]/p[1],/div[1]/main[1]/article[1]/p[1],02. Ловчая повесть
HSjTsPDoEeyn7SPHOiZodQ,"тряпьем пастельных 
тонов — застиранным и дырявым — повисать на бельевых веревках, 
а после, сдутому ветром, разлетаться по парку стаями галок, ворон, 
рассаживаться по ветвям","A striking example of Sokolov's transformations. Here, the chaotic noise of the pavilion's environs is likened to raggedy clothing, which, in turn, is called to take flight, to move and hang on clotheslines and, finally, transform into birds. From the low rises up something beautiful (the pastel colors, the birds), and different senses are activated as the sound transforms into physical beings.",explanatory,распаренно в отверстые фортки и ,", гомозиться — несусветному, отч",3817,3992,/div[1]/main[1]/article[1]/p[1]/hypothesis-highlight[63],/div[1]/main[1]/article[1]/p[1],02. Ловчая повесть
ci4HAPDnEeyn4Fd0zC1twQ,"пастельных 
тонов",The chapters concerning Yakov place a great deal of attention on colors. This is no surprise given how they frequently imagine scenes as if they are being painted before the reader's eyes or observed in a gallery.,explanatory,но в отверстые фортки и тряпьем , — застиранным и дырявым — повис,3825,3842,/div[1]/main[1]/article[1]/p[1],/div[1]/main[1]/article[1]/p[1],02. Ловчая повесть
TKE25vDoEeyn7pfNHQ31NQ,гомозиться,"Low-style: to bustle, to fidget",register/style,"орон, 
рассаживаться по ветвям, "," — несусветному, отчужденному, и",3994,4004,/div[1]/main[1]/article[1]/p[1],/div[1]/main[1]/article[1]/p[1],02. Ловчая повесть
8AtzwPD1Eeyy_EOTv4427g,синюю,"An echo of the blue book a few lines up as well as the ""синька такая над Волчьей"" from chapter 1 (154).","intratextuality, sound play"," сметать его останки в овраг, в "," муть стремнины. 
Я люблю тебя, ",4132,4137,/div[1]/main[1]/article[1]/p[1],/div[1]/main[1]/article[1]/p[1],02. Ловчая повесть
kdtegPD3EeyxuUufupjw_Q,"Я люблю тебя, мой старый парк","A line from the song ""My Old Park,"" written by Vladlen Bazhnov andIakov Kostiukovich and made famous by Klavdiia Shul'zhenko. Read the lyrics (In Russian) [here](https://alllyr.ru/lyrics/song/84981-klavdiya-shulzhenko-staryy-park/). Listen to a recording [here](https://www.youtube.com/watch?v=jXKxxiUFCmo). This line also encodes a reference to Afanasy Fet's 1853 poem ""The Old Park."" Read the poem (in Russian) [here](https://www.culture.ru/poems/11480/staryi-park).",intratextuality,"овраг, в синюю муть стремнины. 
",", перевернутая на другую сторону",4155,4184,/div[1]/main[1]/article[1]/p[1],/div[1]/main[1]/article[1]/p[1],02. Ловчая повесть
eN3GVvD4Eeyg0xMwVY4tnA,под лестницей,"In one iteration of his life, Ilya will spend time under the stairs working as a furrier (255). Orina will visit him (or a man resembling him).",intratextuality,"и томная, признавалась артистка ",", в усеченном чулане картонажног",4273,4286,/div[1]/main[1]/article[1]/p[1],/div[1]/main[1]/article[1]/p[1],02. Ловчая повесть
1XPfmvD4EeyzBucomwPs8g,картонажного мастера,"An allusion, as Ostanin notes, to Nikolai Gumilev's 1917 poem ""Answer Me, Carton Master"" (Ostanin 24). Read the poem (in Russian) [here](https://www.culture.ru/poems/38723/otvechai-mne-kartonazhnyi-master).",intertextuality,"д лестницей, в усеченном чулане ",", собиравшего к тому 
же фантики",4307,4327,/div[1]/main[1]/article[1]/p[1],/div[1]/main[1]/article[1]/p[1],02. Ловчая повесть
lnXimPD4Eeylr4sbxhD4Cg,Рисовать,"Much in the chapters devoted to Yakov, his life, and his thoughts consists of ekphrasis—the literary device of describing in words a visual work of art—and other combinations of different genres and media. Here, for instance, the reader is asked to imagine the events of the chapter coming to life as if being painted before their eyes.",explanatory,"о к тому 
же фантики от конфет. "," тяжелый, невнятный и неряшливый",4371,4379,/div[1]/main[1]/article[1]/p[1],/div[1]/main[1]/article[1]/p[1],02. Ловчая повесть
-0XvOPD4Eeylj3vYnPtqBg,лик,Bookish/archaism: face,"register/style, archaism","тяжелый, невнятный и неряшливый ", Марии и нередко вместо желаемог,4412,4415,/div[1]/main[1]/article[1]/p[1],/div[1]/main[1]/article[1]/p[1],02. Ловчая повесть
iAxKAvD5EeyXLge3GRfXmA,зарницы,"Maria (Orina) is frequently associated with nature, particularly weather. Mentioned in chapter 2 in connection to other body parts (R166/Е30).","intratextuality, explanatory",литым оловянным векам скользили , тайного. Станет явным за полноч,4726,4733,/div[1]/main[1]/article[1]/p[1],/div[1]/main[1]/article[1]/p[1],02. Ловчая повесть
b37_-vJFEey_-nO05F6u7A,тайного. Станет явным,"An encoded reference to Luke 8:17: ""Ибо нет ничего тайного, что не сделалось бы явным, ни сокровенного, что не сделалось бы известным и не обнаружилось бы"" (""For there is nothing hidden that will not be disclosed, and nothing concealed that will not be known or brought out into the open""). Much in the novel, for instance, the sequence of crimes that lead to Ilya's death, is not revealed until close to its end.",intertextuality,овянным векам скользили зарницы ," за полночь, когда сквозь сон 
у",4734,4755,/div[1]/main[1]/article[1]/p[1],/div[1]/main[1]/article[1]/p[1],02. Ловчая повесть
WvycAv-KEeyIvNO49xd1LA,"как во дворе шепотом забредит дождь-машинист и вся 
земля, опьяненная, отравленная настоем осени Маша, горестно покорится ему, приемля его настырное мелкое семя",Nature (the rain and the soil/earth) is personified (or viceversa: the engineer and Masha) in this sexual intercourse,"style, symbol","чь, когда сквозь сон 
услышишь, ",. Позже человекообразной тени ее,4796,4956,/div[1]/main[1]/article[1]/p[1],/div[1]/main[1]/article[1]/p[1],02. Ловчая повесть
_573ovJFEeyZIP8mA9D7sQ,приемля,Dated/high-style (приимать): to accept,"register/style, archaism","и Маша, горестно покорится ему, ", его настырное мелкое семя. Позж,4923,4930,/div[1]/main[1]/article[1]/p[1],/div[1]/main[1]/article[1]/p[1],02. Ловчая повесть
RLQl9vJGEey__FOv_ecI8g,погремка,A neologism made from погремушка (rattle) and коробок (box),neologism,и ее бродить по стене в поисках , спичек и папирос машиниста. Каз,5016,5024,/div[1]/main[1]/article[1]/p[1],/div[1]/main[1]/article[1]/p[1],02. Ловчая повесть
re0NbPJGEeybP98bMxKjhQ,Казбек,"A famous brand of Soviet *papirosy* (a cigarrete case with a mouthpiece). Pictured here: ![](https://upload.wikimedia.org/wikipedia/ru/f/f4/Kazbek_%28papirosy%29.jpg)

Mount Kazbek is also a mountain in the Caucasus near the Russian-Georgian border. Pictured here: ![](https://upload.wikimedia.org/wikipedia/commons/2/28/Mkinvarcveri.jpg)","explanatory, Russia",мка спичек и папирос машиниста. ," или Казбич? Во всяком случае, е",5053,5059,/div[1]/main[1]/article[1]/p[1],/div[1]/main[1]/article[1]/p[1],02. Ловчая повесть
2Pgk3PJHEeyufYs4TtXUDQ,Казбич,"A Circassian horseman in Mikhail Lermontov's novel *Hero of Our Time* (1940). In the chapter ""Bela"", the titular character's brother, Azamat, offers his sister in exchange for Kazbich's famed horse, Karagez. When he declines, Azamat conspires with the novel's protagonist, Grigory Pechorin, to steal the horse, resulting in Bela's eventual murder at the hands of Kazbich.",intertextuality,и папирос машиниста. Казбек или ,"? Во всяком случае, если бы 
у н",5064,5070,/div[1]/main[1]/article[1]/p[1],/div[1]/main[1]/article[1]/p[1],02. Ловчая повесть
Y5R3RPJIEeyTvd8WwucTQA,"если бы 
у него был табун в тысячу кобылиц, то отдал бы его весь за одного 
Азамата","A quotation from Lermontov's *A Hero of Our Time*: ""Если б у меня был табун в тысячу кобыл, - сказал Азамат, - то отдал бы тебе весь за твоего Карагеза"" (**CITATION NEEDED**). In the chapter ""Bela"", the titular character's brother, Azamat, offers his sister in exchange for Kazbich's famed horse, Karagez, whom he praises in this way. When he declines, Azamat conspires with the novel's protagonist, Grigory Pechorin, to steal the horse, resulting in Bela's eventual murder at the hands of Kazbich.",intertextuality,"к или Казбич? Во всяком случае, ",". Но если бы та девочка, что ход",5090,5173,/div[1]/main[1]/article[1]/p[1],/div[1]/main[1]/article[1]/p[1],02. Ловчая повесть
cPqZrPJKEeyvCdNQ1efr-A,та девочка,"An echo of ""ta dama,"" i.e. Orina, who haunts the riverbanks in search of a man (Ilya) and takes hunters away with her for three days.",character," за одного 
Азамата. Но если бы ",", что ходила с тем юнгой на ту п",5186,5196,/div[1]/main[1]/article[1]/p[1],/div[1]/main[1]/article[1]/p[1],02. Ловчая повесть
PZYr-PJUEeyXCvOdvsrTEg,матросы,Orina will encounter several sailors later in the novel. They will serve as rivals for Ilya.,intratextuality," с тем юнгой на ту поляну, куда ", водят качать на качелях веселых,5240,5247,/div[1]/main[1]/article[1]/p[1],/div[1]/main[1]/article[1]/p[1],02. Ловчая повесть
L9fb9vJUEeybHZ8oW82kiA,веселых подруг,"Boguslawski has identified this phrase as a reference to Nikolai Nekrasov's 1846 poem ""Troika"": ""В стороне от веселых подруг?"" Read the poem (in Russian) [here](https://ilibrary.ru/text/1027/p.1/index.html). Read a translation [here](https://www.sunbirds.com/texts/themes/1228).",intertextuality,матросы водят качать на качелях ,", если бы 
она согласилась пойти",5272,5286,/div[1]/main[1]/article[1]/p[1],/div[1]/main[1]/article[1]/p[1],02. Ловчая повесть
dp8mwvJNEey7zXdx7oYkFw,"ни вечер, ни свет","That is, twilight, between dog and wolf",explanatory,"ял 
в чернолесье, незримый. Был ",", а на хранилище 
еще — паруса, ",5457,5474,/div[1]/main[1]/article[1]/p[1],/div[1]/main[1]/article[1]/p[1],02. Ловчая повесть
qgXJ7vJNEeyWYRPcr2k04g,полумраке,"That is, twilight, between dog and wolf",explanatory,"но чибисы в поле, когда идешь в "," через, расставив капканы на лис",5612,5621,/div[1]/main[1]/article[1]/p[1],/div[1]/main[1]/article[1]/p[1],02. Ловчая повесть
PzF6Ev7UEey-5OshE6cq8A,лис,,symbol,"аке через, расставив капканы на ",", дорожа настоящим, обещанным ма",5650,5653,/div[1]/main[1]/article[1]/p[1],/div[1]/main[1]/article[1]/p[1],02. Ловчая повесть
Yu-frPJOEeyqdb_yKfODUw,юнга вел ее под руку к заброшенным стапелям,"This scene of a sailor (in this case the cabin boy) leading a woman to an abandoned ship or slips will be repeated several times throughout the novel (R211-212/E108, R219/E123).",intratextuality,ым машинистом ружьем. Или когда ,", а чибисы летали, а стапеля заг",5712,5755,/div[1]/main[1]/article[1]/p[1],/div[1]/main[1]/article[1]/p[1],02. Ловчая повесть
eV9cWvJOEeyWoq_lHRQJcQ,загажены,"Colloquial: soiled, dirtied, polluted",register/style,"лям, а чибисы летали, а стапеля ",", а дожди 
и время не успевают с",5784,5792,/div[1]/main[1]/article[1]/p[1],/div[1]/main[1]/article[1]/p[1],02. Ловчая повесть
opR9xvJOEeyumOPj5C9j8Q,дохлая,"Colloquial: dead, croaked",register/style,"мывать, и время от времени — то "," крыса, то палая жаба, то мертвы",5856,5862,/div[1]/main[1]/article[1]/p[1],/div[1]/main[1]/article[1]/p[1],02. Ловчая повесть
vUUVDvJOEeyY4XfAsJ2uhg,палая,Dialectical: dead,register/style,"т времени — то дохлая крыса, то "," жаба, то мертвый сорокопут. Мар",5873,5878,/div[1]/main[1]/article[1]/p[1],/div[1]/main[1]/article[1]/p[1],02. Ловчая повесть
GC-rBvJTEeyusNug2aWMOA,око за оком,Archaism/dated/poetic: eye,"archaism, register/style","уть 
окончательно окна бараков: ",", одно за одним. Волнам — 
взбод",6026,6037,/div[1]/main[1]/article[1]/p[1],/div[1]/main[1]/article[1]/p[1],02. Ловчая повесть
QcY33PJTEeyqoANMCoeGxw,взбодриться,"Colloquial: to embolden, enliven",register/style," оком, одно за одним. Волнам — 
",". Другому юнге, табакуру с молод",6064,6075,/div[1]/main[1]/article[1]/p[1],/div[1]/main[1]/article[1]/p[1],02. Ловчая повесть
9ud4-PJWEeyW1Rd-z6-YqQ,с молодых-юных лет,"According to Ostanin, a line from the popular Soviet song ""Orphan."" Listen to the song [here](https://www.youtube.com/watch?v=ZnQKXQr19WU). Read the lyrics (in Russian) [here](https://blatata.com/pesni/13854-valerii-korotin-sirota.html).",intertextuality,"дриться. Другому юнге, табакуру ",", по-стариковски кряхтя седлом, ",6100,6118,/div[1]/main[1]/article[1]/p[1],/div[1]/main[1]/article[1]/p[1],02. Ловчая повесть
AzGTlPh7Eey97Psh0YWQxA,кряхтя,Used at the end of this chapter to describe the artist (R161/Е20),intratextuality,"олодых-юных лет, по-стариковски "," седлом, жужжа динамо-машиной и ",6135,6141,/div[1]/main[1]/article[1]/p[1],/div[1]/main[1]/article[1]/p[1],02. Ловчая повесть
ukTJEvJTEeyXBYOcbvxOYQ,на двух колесах,"That is, on a bicycle. Recalls the bicycle imagery from Sokolov's *A School for Fools*.","self-reference, intertextuality","и фарой светя, 
прокашлять мимо ", в сторону истечения увольнитель,6203,6218,/div[1]/main[1]/article[1]/p[1],/div[1]/main[1]/article[1]/p[1],02. Ловчая повесть
omIFfPMkEeyeRKdEuOLldg,Шила,"Various characters sew in the novel. In Yakov's eighth poem, an oriole ""resews evening into night"" (R172/E39). Ilya sews slippers (R274/E219).",intratextuality,льнительных сроков. Мария шила. ," Мария. Маша ушивала машинисту 
",6274,6278,/div[1]/main[1]/article[1]/p[1],/div[1]/main[1]/article[1]/p[1],02. Ловчая повесть
2RykEPMtEeyG0OPNsxZbdQ,"читал расписание 
движения поездов","Ostanin identifies this line as a reference to Pasternak's 1917 poem ""My Sister Life — Life Is Overflowing Today"": ""Что в мае, когда поездов расписанье / Камышинской веткой читаешь в купе"" (Ostanin 25). Read the poem (in Russian) [here](https://slova.org.ru/pasternak/sestramojazhizn/). Read a translation [here](https://internetpoem.com/boris-pasternak/my-sister-life-s-overflowing-today-poem/).",intertextuality,ст был рад. Он сидел на тахте и ,. Или график. Гроза приближалась,6356,6390,/div[1]/main[1]/article[1]/p[1],/div[1]/main[1]/article[1]/p[1],02. Ловчая повесть
GrOJ4vMlEey0Y_MxbsPZhQ,квакши,Specifically: tree frogs. Pictured here: [](https://upload.wikimedia.org/wikipedia/commons/3/3f/Hyla_arborea_-_rzekotka_drzewna2.jpg),explanatory,"ами, в зарослях у гнилого ручья "," пророчили 
вселенский потоп. Та",6541,6547,/div[1]/main[1]/article[1]/p[1],/div[1]/main[1]/article[1]/p[1],02. Ловчая повесть
kg0C3vMlEeyWj8M-Ieuarw,в овраге,В овраге (*In The Ravine*) -- a 1900 novella by Anton Chekhov,intertextuality,"орочили 
вселенский потоп. Там, ",", однажды — ее тетрадь: полуразм",6582,6590,/div[1]/main[1]/article[1]/p[1],/div[1]/main[1]/article[1]/p[1],02. Ловчая повесть
0BZJtPMlEeywEkPT-Kx_og,полуразмытое имя,The contents of Maria's notebook but an appropriate description of the novel's characters and their shifting names,intratextuality,"в овраге, однажды — ее тетрадь: ",. Содержала страдания по русском,6614,6630,/div[1]/main[1]/article[1]/p[1],/div[1]/main[1]/article[1]/p[1],02. Ловчая повесть
xGkXJv7UEeyoBzOYFrqNgw,Содержала страдания по русскому языку.,see the verbs in the epigraph of A school for fools + recurrent symbol of language as something that can give you at one time freedom and death; see also тревожная куколка,symbol,— ее тетрадь: полуразмытое имя. ," В частности сообщалось, что пап",6632,6670,/div[1]/main[1]/article[1]/p[1],/div[1]/main[1]/article[1]/p[1],02. Ловчая повесть
RE_9DvMuEeyLrmvhVuhktQ,белка грызет орехи,"Ostanin identifies this phrase as a borrowing from Alexander Pushkin's ""Сказки о царе Салтане"" (""Fairytale about the Tsar Saltan""): ""Знайте, вот что не безделка: / Ель в лесу, под елью белка, / Белка песенки поет / И орешки все грызет"" (Ostanin 25). Read the poem (in Russian) [here](https://ilibrary.ru/text/455/p.1/index.html). Read a translation [here](https://www.marxists.org/subject/art/literature/children/texts/pushkin/tsar.html).",intertextuality," папа купил Николаю коньки, что ",", 
что внучка молодая, а бабушка",6730,6748,/div[1]/main[1]/article[1]/p[1],/div[1]/main[1]/article[1]/p[1],02. Ловчая повесть
icL8aPMmEey0bku-Vw7nGA,балалайки,A traditional Slavic folk instrument with three strings. Listen [here](https://www.youtube.com/watch?v=qn06W-iBfkQ). Pictured here: ![](https://upload.wikimedia.org/wikipedia/commons/9/9d/3_string_prim_balalaika.png),"Russia, explanatory","ино, а брат на бала — но вместо "," до середины тетради 
тянулось с",6848,6857,/div[1]/main[1]/article[1]/p[1],/div[1]/main[1]/article[1]/p[1],02. Ловчая повесть
t9kaWPMuEeyttH8Hy5QOIQ,балабала,"Compare: ""все-то небо оглашаешь ты кликушеским балабала"" (R253/E181).",intratextuality,"
тянулось сплошное, непрерывное "," — болеро прыщеватой 
барачной ж",6910,6918,/div[1]/main[1]/article[1]/p[1],/div[1]/main[1]/article[1]/p[1],02. Ловчая повесть
7KlS8PMmEey0cDfTBv-QIA,болеро,A Spanish dance performed in 3/4 time either alone or with a partner. Watch a performance [here](https://www.youtube.com/watch?v=3jpRaua4srM).,explanatory,"плошное, непрерывное балабала — "," прыщеватой 
барачной жизни, под",6921,6927,/div[1]/main[1]/article[1]/p[1],/div[1]/main[1]/article[1]/p[1],02. Ловчая повесть
OsS2PPMnEeydSifqa1uHXQ,"возлюбленной отрока 
с малокровным челом незваного и непризнанного художника","That is, Yakov, an artist working as a gamekeeper",explanatory,"изни, подслушанное и записанное ",", кому 
годы спустя на упреки ос",6982,7058,/div[1]/main[1]/article[1]/p[1],/div[1]/main[1]/article[1]/p[1],02. Ловчая повесть
GrL57vMnEeyjntdgms5DMg,отрока,"Archaism/poetic: boy, adolescent (7-12 years)","register/style, archaism",анное и записанное возлюбленной ," 
с малокровным челом незваного ",6995,7001,/div[1]/main[1]/article[1]/p[1],/div[1]/main[1]/article[1]/p[1],02. Ловчая повесть
-1nN_P7UEey-6bMIQ65k1A,малокровным ,"see A School for fools, malokrovnaya devochka",symbol,"писанное возлюбленной отрока 
с ",челом незваного и непризнанного ,7005,7017,/div[1]/main[1]/article[1]/p[1]/hypothesis-highlight[112],/div[1]/main[1]/article[1]/p[1]/hypothesis-highlight[112],02. Ловчая повесть
71sU9PMuEey0MD8JGU2xrw,незваного и непризнанного,"Matthew 22:4: “For many are invited, but few are chosen"" (""ибо много званых, а мало избранных"").",intertextuality,"ной отрока 
с малокровным челом "," художника, кому 
годы спустя на",7023,7048,/div[1]/main[1]/article[1]/p[1]/hypothesis-highlight[104],/div[1]/main[1]/article[1]/p[1]/hypothesis-highlight[104],02. Ловчая повесть
gqoHLgK2Ee2jBGN9BXZxNA,удобоваримый,"Easy to digest, edible",language,их пор не предложен ее вниманию ," отчет об охотах в облаву, точне",7148,7160,/div[1]/main[1]/article[1]/p[1],/div[1]/main[1]/article[1]/p[1],02. Ловчая повесть
s7L12AK2Ee2SXHuiruYj4g,отчет об охотах в облаву,"To say, a valuable painting depicting the result of a hunting battue",explanatory,дложен ее вниманию удобоваримый ,", точнее — об обстоятельствах, с",7161,7185,/div[1]/main[1]/article[1]/p[1],/div[1]/main[1]/article[1]/p[1],02. Ловчая повесть
W7mVGvMsEeywv5eFifbFMg,возвращению охоты,"A central motif in the novel, this phrase alludes to *The Hunters in the Snow*, a 1565 painting by Pieter Bruegel the Elder. The setting and action of this image recurs throughout *Between Dog and Wolf* (e.g., R202–203/E93–95), as they come to life in the text. Pictured here: ![](https://upload.wikimedia.org/wikipedia/commons/d/d8/Pieter_Bruegel_the_Elder_-_Hunters_in_the_Snow_%28Winter%29_-_Google_Art_Project.jpg)",intertextuality," обстоятельствах, сопутствующих "," с облав и, по сути, являющихся ",7230,7247,/div[1]/main[1]/article[1]/p[1],/div[1]/main[1]/article[1]/p[1],02. Ловчая повесть
dEwxAPMsEeyb-rMOf3_Dlg,ибо,"Literary/dated: because, for",register/style,енными атрибутами возвращения — , не обстоятельства ли определяют,7317,7320,/div[1]/main[1]/article[1]/p[1],/div[1]/main[1]/article[1]/p[1],02. Ловчая повесть
2VZjIvMsEeyjsv_shSkx4Q,"не обстоятельства ли определяют и обуславливают весь 
ход и облик явления","The narrator here suggests that it's the circumstances determine a thing's appearance, character, and so on, rather than the other way around. In other words, different contexts will generate different phenomena, much as the characters and settings in the novel shift depending on how their parts and configurations have been arranged around them. In short, a suggestion that art is self-defining.",explanatory,ми атрибутами возвращения — ибо ,", не ими ли живо оно, и что есть",7321,7394,/div[1]/main[1]/article[1]/p[1],/div[1]/main[1]/article[1]/p[1],02. Ловчая повесть
FjtsmP7VEeyoWufDDR6HNw,извольте,officialese,"regyster/style, register/style","чем, если вы́ так настаиваете — ",. Мы возвращаемся в сумерках. Вы,7750,7758,/div[1]/main[1]/article[1]/p[1],/div[1]/main[1]/article[1]/p[1],02. Ловчая повесть
aQeugPZYEeyjv39mrdKlCQ,сумерках,"Again, twilight — the central metaphor and time of the novel.","time, explanatory",е — извольте. Мы возвращаемся в ,". Вы, полагаю, уже представлены ",7778,7786,/div[1]/main[1]/article[1]/p[1],/div[1]/main[1]/article[1]/p[1],02. Ловчая повесть
VDY7mv7VEeypaI94xTT4fg,точнее,рассказчику очень часто хочется изложить свои мысли как можно точнее -> отношение к Слову,intratextuality,"полагаю, уже представлены 
или, ",", имеете представление об этом з",7824,7830,/div[1]/main[1]/article[1]/p[1],/div[1]/main[1]/article[1]/p[1],02. Ловчая повесть
YN0yzP7VEeyld6P4yJs3Pw,замечательном часе суток,сумерки,symbol,"е, имеете представление об этом "," 
и бесповоротно очарованы им, м",7861,7885,/div[1]/main[1]/article[1]/p[1],/div[1]/main[1]/article[1]/p[1],02. Ловчая повесть
nXEFcvZYEey6Aa9vpgesRg,превосходное чувство цвета,"As the reader is drawn into Bruegel's painting (that is, the description of it), the narrator comments on its color.",explanatory," таким образом недюжинный вкус, "," и склонность 
к меланхолической",7972,7998,/div[1]/main[1]/article[1]/p[1],/div[1]/main[1]/article[1]/p[1],02. Ловчая повесть
2xumovZYEey88iNDm5mQfA,зверобоев,Here: hunter,,"и. Нас, как правило, несколько 
", и до дюжины своры. Декабрь. Что,8078,8087,/div[1]/main[1]/article[1]/p[1],/div[1]/main[1]/article[1]/p[1],02. Ловчая повесть
RqWpVPZZEeysh7OEEwe-fA,своры,A pack of dogs. Bruegel's painting depicts fourteen dogs with the hunters.,"explanatory, intertextuality","есколько 
зверобоев и до дюжины ",. Декабрь. Чтобы не кидаться в г,8100,8105,/div[1]/main[1]/article[1]/p[1],/div[1]/main[1]/article[1]/p[1],02. Ловчая повесть
WTKVeP-MEeyN6e9J8XkAXg,Декабрь,,time,"о 
зверобоев и до дюжины своры. ",". Чтобы не кидаться в глаза 
рот",8107,8114,/div[1]/main[1]/article[1]/p[1],/div[1]/main[1]/article[1]/p[1],02. Ловчая повесть
eECLCvZZEeysiV89Fe1pjg,ротозеям,"Colloquial: gawker, onlooker, scatterbrain",register/style,"брь. Чтобы не кидаться в глаза 
", и не снижать картины своею нело,8143,8151,/div[1]/main[1]/article[1]/p[1],/div[1]/main[1]/article[1]/p[1],02. Ловчая повесть
p8M5cvZZEey0wU927W5_cQ,"все еще городскою 
походкою","Like Sokolov, Yakov has come to the Volga from the city and finds himself out of place among the hunters.",explanatory,"снижать картины своею неловкой, ",", я стараюсь держаться в конце п",8189,8216,/div[1]/main[1]/article[1]/p[1],/div[1]/main[1]/article[1]/p[1],02. Ловчая повесть
dd6vwP7VEeyoXKeNBxr8gg,"городскою 
походкою",старое окончание творительного падежа,style,"картины своею неловкой, все еще ",", я стараюсь держаться в конце п",8197,8216,/div[1]/main[1]/article[1]/p[1]/hypothesis-highlight[124],/div[1]/main[1]/article[1]/p[1]/hypothesis-highlight[124],02. Ловчая повесть
yJWwCPZZEeyniuf0HZ-aJA,"не 
вижу ни лиц, ни морд",The hunters' faces in Bruegel's are not visible.,"explanatory, intertextuality","ься в конце процессии, почему и ",; только чей-нибудь профиль мель,8267,8291,/div[1]/main[1]/article[1]/p[1],/div[1]/main[1]/article[1]/p[1],02. Ловчая повесть
-RvYsPZZEeycRZ-FB-IxBg,только чей-нибудь профиль мелькнет на миг,"Indeed, only a triangular section of the hunter's profile is visible in Bruegel's painting.","explanatory, intertextuality","ему и не 
вижу ни лиц, ни морд; ",". 
Серые шляпы охотников — вы, в",8293,8334,/div[1]/main[1]/article[1]/p[1],/div[1]/main[1]/article[1]/p[1],02. Ловчая повесть
WSxawvZaEey1m9MYR-4AJw,нахлобучены,"Colloquial: to pull down over one's eyes, ears, etc.",register/style," сугроб; 
серые шляпы охотников "," низко, что называется по 
уши, ",8611,8622,/div[1]/main[1]/article[1]/p[1],/div[1]/main[1]/article[1]/p[1],02. Ловчая повесть
bsD7_vZaEey6DuuUyHFirQ,посему,"Dated: therefore, thence",register/style," низко, что называется по 
уши, ", не усматриваешь и затылков. Оди,8654,8660,/div[1]/main[1]/article[1]/p[1],/div[1]/main[1]/article[1]/p[1],02. Ловчая повесть
lD3R2PZdEeyehMu8xdJHVA,лис,The three hunters in Bruegel's painting return with a single fox.,intertextuality,"обременен общим нашим 
трофеем: ", затравлен был еще на заре. Полю,8787,8790,/div[1]/main[1]/article[1]/p[1],/div[1]/main[1]/article[1]/p[1],02. Ловчая повесть
CGLq_AK3Ee2qnXM7u4wWJQ,заре,Во время утренних сумерек,"time, symbol",офеем: лис затравлен был еще на ,". Полюбуйтесь-ка, кстати, 
на на",8812,8816,/div[1]/main[1]/article[1]/p[1],/div[1]/main[1]/article[1]/p[1],02. Ловчая повесть
IlH8XvZbEey6EKslbBNIoQ,ублюдков,"Dated/colloquial: mongrel, bastard",register/style,"любуйтесь-ка, кстати, 
на наших "," и выборзков. Пугающе длинные, г",8852,8860,/div[1]/main[1]/article[1]/p[1],/div[1]/main[1]/article[1]/p[1],02. Ловчая повесть
wcVxbP7VEeyTN9MtWLZZgA,по-обезьяньи,usual reference to animals,intratextuality,"ще длинные, гадкие, закрученные ",", будто филипповские кренделя, о",8911,8923,/div[1]/main[1]/article[1]/p[1],/div[1]/main[1]/article[1]/p[1],02. Ловчая повесть
dQ8G_PZcEeycTcNZj6hHug,щипцом,The muzzle of a dog or a gable or pediment,language,"итичная, 
с безобразно коротким ", — кикимора под стать тому порос,9186,9192,/div[1]/main[1]/article[1]/p[1],/div[1]/main[1]/article[1]/p[1],02. Ловчая повесть
qPpGDPZcEeyrQpuCx7cilw,кикимора,A mythological female house spirit who typically lives behind the stove or in the cellar. It's behavior is tied to that of the homeowner.,explanatory,"
с безобразно коротким щипцом — "," под стать тому поросенку, котор",9195,9203,/div[1]/main[1]/article[1]/p[1],/div[1]/main[1]/article[1]/p[1],02. Ловчая повесть
3nQh4PZcEeyj2wOYianmvQ,"поросенку, которого какие-то простолюдины палят над костром перед 
входом в таверну",Another image from the left side of Bruegel's painting,intertextuality,ипцом — кикимора под стать тому ,", куда, уверив, что вскорости на",9219,9302,/div[1]/main[1]/article[1]/p[1],/div[1]/main[1]/article[1]/p[1],02. Ловчая повесть
ORj-rvZdEeynoJt8xcHtjQ,порыв,"The wind motif continues, motivating different aspects of the plot such as it is.",motif,едались переждать очень сильный ," лобового ветра некоторые 
стрел",9380,9385,/div[1]/main[1]/article[1]/p[1],/div[1]/main[1]/article[1]/p[1],02. Ловчая повесть
ISlRQPZdEeyuPr_WNy5b5g,стрелки,"Much as characters' name shift, Sokolov uses multifarious terms for the hunters as well as natural elements and ships, among other things.",explanatory,"порыв лобового ветра некоторые 
",". Стоит ли говорить о том, что т",9412,9419,/div[1]/main[1]/article[1]/p[1],/div[1]/main[1]/article[1]/p[1],02. Ловчая повесть
H3QMjvcKEeymsXv346Ip7w,"рождественскому свежему снегу и наши фигуры недурно контрастируют 
с этим фоном","The play of light and shadows, of contrasts and mirror images is central to the novel, of course. This painting, then, represents the novel on various levels: character, style, imagery, and so on.",explanatory,"реченного, как и вся местность, ",". Оставив таверну слева, мы почт",9532,9611,/div[1]/main[1]/article[1]/p[1],/div[1]/main[1]/article[1]/p[1],02. Ловчая повесть
AcqH2vcKEeygjJvCSNCCvw,недурно,"Colloquial: pretty well, not bad",style/register,ому свежему снегу и наши фигуры ," контрастируют 
с этим фоном. Ос",9576,9583,/div[1]/main[1]/article[1]/p[1],/div[1]/main[1]/article[1]/p[1],02. Ловчая повесть
mkrFYPcKEey3LwdQEjAcyg,изумрудной рекой,"The river depicted in Bruegel's painting is, indeed, emerald in tone.",intertextuality,"оде, то другие — 
в деревне, за ",. Мы легко различаем плотину и м,9931,9947,/div[1]/main[1]/article[1]/p[1],/div[1]/main[1]/article[1]/p[1],02. Ловчая повесть
NdUTMvcLEeywbl9x5li2mw,мельницу,Compare: the miller and mill mentioned in chapter 1 (R153/E7).,intratextuality,й. Мы легко различаем плотину и ,", церковь и возы на улицах, библ",9978,9986,/div[1]/main[1]/article[1]/p[1],/div[1]/main[1]/article[1]/p[1],02. Ловчая повесть
gDqG3PcLEey8fFPlepIwpA,"инвалидного дома, точильное заведение, приют глухих",Locations also mentioned in chapter 1,intratextuality,"ню, и баню. 
Видим острую крышу ", и базар. А на льду прудов и рек,10068,10119,/div[1]/main[1]/article[1]/p[1],/div[1]/main[1]/article[1]/p[1],02. Ловчая повесть
NuDngP-NEeyn9r9zLf98zQ,масса катающихся,Present in chapter 1 too,intratextuality,азар. А на льду прудов и реки — ,". 
Зво́нки их голоса и коньки, р",10155,10171,/div[1]/main[1]/article[1]/p[1],/div[1]/main[1]/article[1]/p[1],02. Ловчая повесть
yg5htPcNEeyRutee-ZeOxQ,купины,"Also mentioned in chapter 1 (R154/E10, R157/E15)",intratextuality,поминающие мех неведомых зверей ," оголенных дерев; сям — прачки, ",10272,10278,/div[1]/main[1]/article[1]/p[1],/div[1]/main[1]/article[1]/p[1],02. Ловчая повесть
KPvMWv7WEeyoDmMvXgLTcQ,дерев,неправильное,regyster/style,ведомых зверей купины оголенных ,"; сям — прачки, полощущие белье ",10289,10294,/div[1]/main[1]/article[1]/p[1],/div[1]/main[1]/article[1]/p[1],02. Ловчая повесть
1QbxEvcNEey5eputZK4UQw,сям,"Dated: there, here",style/register, зверей купины оголенных дерев; ," — прачки, полощущие белье в про",10296,10299,/div[1]/main[1]/article[1]/p[1],/div[1]/main[1]/article[1]/p[1],02. Ловчая повесть
edgGmv-NEeycfhNOWdyV8Q,масса птиц,"A ""mass of birds"" inhabits the novel itself",intratextuality," ладьи, и запруды, и птицы — о, "," — и на ветках, 
и просто в прос",10393,10403,/div[1]/main[1]/article[1]/p[1],/div[1]/main[1]/article[1]/p[1],02. Ловчая повесть
xFhLrPcPEeyhHYN6fbe5kQ,сорок и ворон,"Yakov mentions the magpie and crow in his eleventh poem, ""Casting a Spell"" (""Заговор""): ""May the Magpie be sick, may the crow be sick too"" (""У Сороки — боли, у Вороны — боли"") (R196/E84).",intratextuality,ивый наряд на скромное оперенье ,". Что за чудесная, неотмирная та",10564,10577,/div[1]/main[1]/article[1]/p[1],/div[1]/main[1]/article[1]/p[1],02. Ловчая повесть
dPDMwPcOEeyhFNNpn1_i3g,неотмирная,"This place is also ""out of this world"" in the sense that it doesn't exist; it is only a painting.","explanatory, intertextuality","сорок и ворон. Что за чудесная, "," такая страна, в восхищении заст",10596,10606,/div[1]/main[1]/article[1]/p[1],/div[1]/main[1]/article[1]/p[1],02. Ловчая повесть
isY-mvcOEey4Vp_zNN8XgQ,посетитель,"That is, a visitor to the museum",explanatory," страна, в восхищении застывает ",". Простота 
и неброскость орехов",10644,10654,/div[1]/main[1]/article[1]/p[1],/div[1]/main[1]/article[1]/p[1],02. Ловчая повесть
s1m17vcOEeyhqVcKolfypA,рамы,"At this point, the ekphrastic description of the Bruegel painting moves outward and encompasses the artwork's frame as well. The reader (the visitor to the museum) pauses in admiration.",explanatory,"ростота 
и неброскость ореховой ", лишь подчеркивает очаровательну,10689,10693,/div[1]/main[1]/article[1]/p[1],/div[1]/main[1]/article[1]/p[1],02. Ловчая повесть
DI9O5PcPEey5cd8Dp8Ox3Q,лессировки,Transparent or semi-transparent glaze with very little pigment is used in painting to alter how a layer underneath appears to the viewer.,explanatory,пейзажа и колористический блеск ,". Очерк наш, 
разумеется, не пре",10769,10779,/div[1]/main[1]/article[1]/p[1],/div[1]/main[1]/article[1]/p[1],02. Ловчая повесть
_btD_vfmEeylVZ9I9mvbBw,вернисаже,A private viewing before an exhibition is made open to the public,explanatory,"сех остальных, 
выставленных на ", картин: мы остановимся лишь у н,10873,10882,/div[1]/main[1]/article[1]/p[1],/div[1]/main[1]/article[1]/p[1],02. Ловчая повесть
e0OlFP7WEeySfQtgHBFmSg,Автопортрет в мундире,"мб описание картины (экфрасис) Брюллова
![](https://art.biblioclub.ru/pictures/13277/13277002/Bryullov_K_P_Avtoportret_v_mundire_akademista_catpage.jpg)",intertextuality,ы остановимся лишь у некоторых. ,. Полотно настолько своеобразное,10924,10945,/div[1]/main[1]/article[1]/p[1]/em[4],/div[1]/main[1]/article[1]/p[1]/em[4],02. Ловчая повесть
ZwilcvfnEeyUxQuvAA9SEg,диву даешься,"Bookish set expression: to be amazed, wonder, marvel","register/style, phraseologism","астолько своеобразное — 
просто ",". Рассказывают, что, завершив ра",10988,11000,/div[1]/main[1]/article[1]/p[1],/div[1]/main[1]/article[1]/p[1],02. Ловчая повесть
yjoKRvfnEeyzY3fkNqmRhg,ателье,An artist's studio or workshop,explanatory,расплох. Нелюдимо замкнувшись в ,", располагавшемся тогда в оранже",11175,11181,/div[1]/main[1]/article[1]/p[1],/div[1]/main[1]/article[1]/p[1],02. Ловчая повесть
G35zoPfuEeylc1dxbZ3J-A,оранжерее,"The artist's workplace, which provides models for works in still life",explanatory,"ателье, располагавшемся тогда в ",", он, сомнамбулически потерявшис",11207,11216,/div[1]/main[1]/article[1]/p[1],/div[1]/main[1]/article[1]/p[1],02. Ловчая повесть
EE5jEPfoEeyevoeGQa-TmA,фотиний,A genus of small trees and large shrubs belonging to the rose family and related to the apple. Pictured here: ![](https://upload.wikimedia.org/wikipedia/commons/1/18/Photinia_fraseri_A.jpg),explanatory, потерявшись меж мелко цветущих , и безразличных ко всему манекен,11269,11276,/div[1]/main[1]/article[1]/p[1],/div[1]/main[1]/article[1]/p[1],02. Ловчая повесть
-LQ90vftEey7KYsPdIlNHw,манекенов,The artist's models,explanatory,фотиний и безразличных ко всему ," и все повторяя — не верю, не ве",11301,11310,/div[1]/main[1]/article[1]/p[1],/div[1]/main[1]/article[1]/p[1],02. Ловчая повесть
NPdquPfoEey6Gv_h-WC3iQ,"не верю, не верю","According to Ostanin, a well-known phrase used by Konstantin Stanislavski to critique his acting students.",explanatory,сему манекенов и все повторяя — ,", — 
упорно отказывается верить,",11328,11344,/div[1]/main[1]/article[1]/p[1],/div[1]/main[1]/article[1]/p[1],02. Ловчая повесть
FfmprvfpEeyS3gs-bM1TRA,изо дня в день,Set expression,phraseologism,"в свет с нетерпением ожидается 
",". А как знаменательно, что появл",11789,11803,/div[1]/main[1]/article[1]/p[1],/div[1]/main[1]/article[1]/p[1],02. Ловчая повесть
c0vDMPfuEeykX28l-KsV6Q,пятисотлетье булавки,"Ostanin remarks that this is a ""mystery for the annotator"" (27). Sokolov responds: ""Sometime in the 20th century the pin turned 500 years old, probably English [...] At some point I read about this in some journal [...] Now I can't find this information on the Net"" (Sokolov, ""Bol'shoe pis'mo"" 126).",explanatory," такой замечательной датой, как ",". Сам 
артист полагал, что упомя",11954,11974,/div[1]/main[1]/article[1]/p[1],/div[1]/main[1]/article[1]/p[1],02. Ловчая повесть
6u0XsvfqEeyS5W80HvkOrA,перст,Archaism/poetic: finger,"register/style, archaism","я 
в нем то жест Провидения, то "," Мнемозины. Скажем, в одном 
из ",12135,12140,/div[1]/main[1]/article[1]/p[1],/div[1]/main[1]/article[1]/p[1],02. Ловчая повесть
0h6xFPfqEeytdY-UuInX7w,Мнемозины,The Greek goddess of memory and the mother of the nine Muses. Depicted here: ![](https://upload.wikimedia.org/wikipedia/commons/c/ce/Mosa%C3%AFque_murale_Mn%C3%A9mosyne.jpg),explanatory,"ем то жест Провидения, то перст ",". Скажем, в одном 
из стихотворе",12141,12150,/div[1]/main[1]/article[1]/p[1],/div[1]/main[1]/article[1]/p[1],02. Ловчая повесть
XRHq8Aa7Ee29Mws4T4L9RQ,мол,Colloquial: he says,register/style,"исущей ему прямотой объявляет: 
",", господа, в Лето от изобретения",12232,12235,/div[1]/main[1]/article[1]/p[1],/div[1]/main[1]/article[1]/p[1],02. Ловчая повесть
T2Lu9vfrEeyyrYveJ5g3Dg,Лето,Archaism: year,"register/style, archaism","той объявляет: 
мол, господа, в ", от изобретения булавки пятьсот ,12248,12252,/div[1]/main[1]/article[1]/p[1],/div[1]/main[1]/article[1]/p[1],02. Ловчая повесть
kaYB2vfsEeyysi8rmR1AIA,в последнюю пятницу ноября,"A similar expression is used in chapter 1 by Ilya: ""Декабря в четвертый четверг"" (R150/E2).","intratextuality, time"," булавки пятьсот сорок первое, 
",", часу примерно в шестом, в знач",12299,12325,/div[1]/main[1]/article[1]/p[1],/div[1]/main[1]/article[1]/p[1],02. Ловчая повесть
wy3dAP-OEeyIvgvNnyROPA,в шестом,"То есть, во время сумерек","symbol, time","ю пятницу ноября, часу примерно ",", в значительном удалении от как",12341,12349,/div[1]/main[1]/article[1]/p[1],/div[1]/main[1]/article[1]/p[1],02. Ловчая повесть
2qVltPftEeyw5IffMkMQKA,на берегу полноводной реки,"That is, the Volga","explanatory, Russia","среди России, 
а вместе с тем — ",", некто нетрезво бьет 
в бубен. ",12440,12466,/div[1]/main[1]/article[1]/p[1],/div[1]/main[1]/article[1]/p[1],02. Ловчая повесть
fbqSHPfsEey8cX_gI_oBOA,бубен,"An instrument similar to the tambourine. The main difference is that some bubens have metal rings, plates, cymbals, or bells attached. Also mentioned in chapter 1 by Ilya (""брюзжи себе под дугою хоть до Валдай-пристани — литье бубенчиков"" [R150/E2]) and in chapter 3 in one of Yakov's poems (""Некто с бубном бредет пелесками"" [R169/E35]). Pictured here: ![](https://upload.wikimedia.org/wikipedia/commons/5/5c/Ukr_folk_05.jpg)","intratextuality, explanatory","ой реки, некто нетрезво бьет 
в ",". Сумерки уже растаращили очи, з",12491,12496,/div[1]/main[1]/article[1]/p[1],/div[1]/main[1]/article[1]/p[1],02. Ловчая повесть
bxwIhPZYEeyqQef9AEgzwA,Сумерки,"Again, twilight — the central metaphor and time of the novel.","explanatory, time",", некто нетрезво бьет 
в бубен. "," уже растаращили очи, затушевали",12498,12505,/div[1]/main[1]/article[1]/p[1],/div[1]/main[1]/article[1]/p[1],02. Ловчая повесть
R_fCPvh5Eeyl-89rN7lzag,растаращили,Colloquial: to open eyes wide,register/style,"езво бьет 
в бубен. Сумерки уже "," очи, затушевали перспективы 
и ",12510,12521,/div[1]/main[1]/article[1]/p[1],/div[1]/main[1]/article[1]/p[1],02. Ловчая повесть
GM_KpvftEeytf18MZpOH6g,очи,Archaism: eyes,"archaism, register/style", бубен. Сумерки уже растаращили ,", затушевали перспективы 
и упра",12522,12525,/div[1]/main[1]/article[1]/p[1],/div[1]/main[1]/article[1]/p[1],02. Ловчая повесть
bJBrGPh6EeyYp6eHjdwzEw,згу,"Word used in set expressions (зги нет, ни зги, зги не видать, ни зги не видать, ни зги не видно: что бы то ни было, Слепой слепого водит, а оба зги не видят) meaning that nothing is visible. According to Dal''s dictionary, зга means ""темь, потемки, темнота"" (darkness). This definition presents a complication, as the phrase ""ни зги не видать"" would come to mean ""no darkness is visible"" (so dark that even the darkness is obscured?. However, Dal' also proposes that the word зга originated from ""стьга"" (path, road), which would make more logical sense in the various expressions that use зга. According to yet another version, Sokolov's ""favorite,"" a зга is a ring on a yoke, which a driver couldn't see in the dark (Sokolov, ""Bol'shoe pis'mo"" 126).",language,"евали перспективы 
и упразднили ",. Силуэт музыканта вот-вот раств,12564,12567,/div[1]/main[1]/article[1]/p[1],/div[1]/main[1]/article[1]/p[1],02. Ловчая повесть
hfq5jPh6EeymAF8GujoHKA,Посему,"Dated: therefore, thence",register/style, музыканта вот-вот растворится. ,", 
кряхтя и путаясь в полах амзт",12607,12613,/div[1]/main[1]/article[1]/p[1],/div[1]/main[1]/article[1]/p[1],02. Ловчая повесть
6wNq_vh6Eeyq0bNH2x2wmA,кряхтя,Used earlier in this chapter to describe a ship boy (R163/Е25),intratextuality,"а вот-вот растворится. Посему, 
", и путаясь в полах амзтараханско,12616,12622,/div[1]/main[1]/article[1]/p[1],/div[1]/main[1]/article[1]/p[1],02. Ловчая повесть
IdpCmPh-EeyAdNvrqJdRJA,амзтараханского,"As Ostanin writes, ""Amztarakhan (more correct Ashtarakhan, Aztarakan) — the capital of the Astrakhanskii khanate, which arose during the disintegration of the Golden Horde, located not far from the Itil'"" (Ostanin 27). According to Boguslawski, ""old Tatar names of today's Astrakhan"" (236).","explanatory, Russia, location","сему, 
кряхтя и путаясь в полах ",", отзывающегося полнейшей ветошь",12641,12656,/div[1]/main[1]/article[1]/p[1],/div[1]/main[1]/article[1]/p[1],02. Ловчая повесть
a1e83Ph7EeyWdwfdSIrleg,увещевая,"Dated: to urge, admonish, exhort",register/style,иде многочисленных многоножек и , икоту перейти на безропотных ст,12820,12828,/div[1]/main[1]/article[1]/p[1],/div[1]/main[1]/article[1]/p[1],02. Ловчая повесть
PB3vtAK7Ee2jh9sQOfA3QA,икоту перейти на безропотных страстотерпцев Федота и Якова,"A reference to the saying ""Икота, икота, уйди на Федота, с Федота на Якова, с Якова на всякого"" (Hiccups, hiccups, go to Fedot, from Fedot to Yakov, from Yakov to everyone). This proverb derives from the folk belief that hiccups (a disease or demonic invasion) could be passed from one person to another. This hiccup (and the barrel further below) develops also the recurrent drinking theme.","explanatory, language, theme",численных многоножек и увещевая ,", выкатим на свет Божий бочку по",12829,12887,/div[1]/main[1]/article[1]/p[1]/hypothesis-highlight[191],/div[1]/main[1]/article[1]/p[1]/hypothesis-highlight[191],02. Ловчая повесть
ZJsvNvh8Eey1XBcG1pSzCw,бочку повествования,An image used several times in the novel to refer to the process and form of writing. See R206/E99 and R280/E230.,"intratextuality, symbol"," и Якова, выкатим на свет Божий ", — и выбьем наконец затычку. Так,12911,12930,/div[1]/main[1]/article[1]/p[1],/div[1]/main[1]/article[1]/p[1],02. Ловчая повесть
lR5fwPh8Eey2KC-8X8T0eQ,затычку,Bung or spigot — a small peg or plug used to seal a cask or barrel. Pictured here: ![](https://upload.wikimedia.org/wikipedia/commons/0/0b/Chais1-72.jpg),explanatory,овествования — и выбьем наконец ,". Так, уставясь в окошко в сравн",12950,12957,/div[1]/main[1]/article[1]/p[1],/div[1]/main[1]/article[1]/p[1],02. Ловчая повесть
qx4wtvh8EeyYrJOIAnS7FQ,промозглого,"Colloquial: cold and damp, inclement",register/style,"о из ничтожных дней очередного 
", года и пытаясь собраться с мысл,13046,13057,/div[1]/main[1]/article[1]/p[1],/div[1]/main[1]/article[1]/p[1],02. Ловчая повесть
iUCynPh9Eeyq2ut-pocBRA,философствовал,"A verb used repeatedly with connection to Yakov. See R163/E25, R189/70, R197/E86, R274/E219, and R277/E223.",intratextuality," и пытаясь собраться с мыслями, "," 
герой этой повести. Вита синэ ",13094,13108,/div[1]/main[1]/article[1]/p[1],/div[1]/main[1]/article[1]/p[1],02. Ловчая повесть
UrLA8vh-EeyysPea93z2_Q,Вита синэ либертатэ нихиль,Latin: Life without freedom is nothing.,foreign,"софствовал 
герой этой повести. ",", философствовал 
он, виверэ эст",13130,13156,/div[1]/main[1]/article[1]/p[1],/div[1]/main[1]/article[1]/p[1],02. Ловчая повесть
dRrLlPh-Eeymfx8S0bKpvg,виверэ эст милитарэ,"Latin: To live is to fight. A borrowing from Seneca the Younger, the Roman Stoic philosopher, statesman, dramatist, from his [*Moral Letters to Lucilius* (96.5)](https://en.wikisource.org/wiki/Moral_letters_to_Lucilius/Letter_96#:~:text=I%20shall%20not%20endure%20myself,this%20is%20a%20common%20thing.).","intertextuality, foreign","атэ нихиль, философствовал 
он, ",". Он был несвеж и немолод.



  ",13178,13197,/div[1]/main[1]/article[1]/p[1],/div[1]/main[1]/article[1]/p[1],02. Ловчая повесть
yUM-tPh9Eeyme2e3Qjckog,Он был несвеж и немолод.,"Yakov. A reference to the novel's [epigraph](https://digitalscholarship.brynmawr.edu/dog/texts/00_ru/) from Boris Pasternak's *Doctor Zhivago*: ""Молодой человек был охотник.""It somehow reminds (me) of Esenin's famous (last) words too: ""В этой жизни умирать не ново, / Но и жить, конечно, не новей"".","intratextuality, intertextuality","вовал 
он, виверэ эст милитарэ. ","



      
    

    

    

   ",13199,13223,/div[1]/main[1]/article[1]/p[1],/div[1]/main[1]/article[1]/p[1],02. Ловчая повесть
